{"rows": 3, "cols": 3, "name": "tic_tac_toe", "winsquarecombos": {"3": [[[0, 0], [0, 1], [0, 2]], [[1, 0], [1, 1], [1, 2]], [[2, 0], [2, 1], [2, 2]], [[0, 0], [1, 0], [2, 0]], [[0, 1], [1, 1], [2, 1]], [[0, 2], [1, 2], [2, 2]], [[2, 0], [1, 1], [0, 2]], [[0, 0], [1, 1], [2, 2]]]}, "blocked_squares": {"default": []}, "squares": 9, "sq_colors": [["rgb(255, 255, 255) none repeat scroll 0% 0%", "rgb(255, 255, 255) none repeat scroll 0% 0%", "rgb(255, 255, 255) none repeat scroll 0% 0%"], ["rgb(255, 255, 255) none repeat scroll 0% 0%", "rgb(255, 255, 255) none repeat scroll 0% 0%", "rgb(255, 255, 255) none repeat scroll 0% 0%"], ["rgb(255, 255, 255) none repeat scroll 0% 0%", "rgb(255, 255, 255) none repeat scroll 0% 0%", "rgb(255, 255, 255) none repeat scroll 0% 0%"]], "board_height": 721.8000000000001, "board_width": 721.8000000000001, "winsquarenums": [[0, 1, 2], [3, 4, 5], [6, 7, 8], [0, 3, 6], [1, 4, 7], [2, 5, 8], [6, 4, 2], [0, 4, 8]], "deleted": []}